,count,mean,std,min,25%,50%,75%,max
Cement,1005.0,278.6313432835821,104.34426071285245,102.0,190.7,265.0,349.0,540.0
Blast Furnace Slag,1005.0,72.04348258706467,86.17080699343222,0.0,0.0,20.0,142.5,359.4
Fly Ash,1005.0,55.5363184079602,64.20796859777064,0.0,0.0,0.0,118.3,200.1
Water,1005.0,182.0753233830846,21.339334087611302,121.8,166.6,185.7,192.9,247.0
Superplasticizer,1005.0,6.033233830845772,5.919966720023434,0.0,0.0,6.1,10.0,32.2
Coarse Aggregate,1005.0,974.3768159203979,77.57966673714678,801.0,932.0,968.0,1031.0,1145.0
Fine Aggregate,1005.0,772.6882587064676,80.34043464964552,594.0,724.3,780.0,822.2,992.6
Age,1005.0,45.85671641791045,63.73469167941662,1.0,7.0,28.0,56.0,365.0
Strength,1005.0,35.25037810945274,16.284815369229054,2.33,23.52,33.8,44.87,82.6
